{
  "summary": {
    "first_loss": 3.407541275024414,
    "last_loss": 0.8673954010009766,
    "min_loss": 0.7271751165390015,
    "mean_loss": 1.9343791315952936,
    "smoothed_first_30": 3.468572759628296,
    "smoothed_last_30": 1.0606974247963197,
    "loss_decay_pct": 74.54483068602707,
    "max_vram_peak_gb": 8.573915958404541,
    "n_steps_completed": 300,
    "trainable_params_M": 4.718592
  },
  "losses": [
    3.407541275024414,
    3.59262752532959,
    3.0574982166290283,
    4.028265476226807,
    4.053527355194092,
    3.482091188430786,
    3.2994637489318848,
    3.488372325897217,
    3.00242280960083,
    3.971209764480591,
    3.994065761566162,
    3.4208459854125977,
    3.2169015407562256,
    3.408123016357422,
    2.9530580043792725,
    3.9179458618164062,
    3.9273273944854736,
    3.355686664581299,
    3.1525278091430664,
    3.3375158309936523,
    2.906338930130005,
    3.8687548637390137,
    3.866814136505127,
    3.2944345474243164,
    3.0847699642181396,
    3.266350746154785,
    2.8619558811187744,
    3.8073413372039795,
    3.8106307983398438,
    3.222774028778076,
    3.007514476776123,
    3.18483829498291,
    2.8117032051086426,
    3.749422073364258,
    3.749624013900757,
    3.1516900062561035,
    2.9301180839538574,
    3.0971827507019043,
    2.7580559253692627,
    3.6833529472351074,
    3.682683229446411,
    3.0898637771606445,
    2.849766969680786,
    3.005612373352051,
    2.7009153366088867,
    3.615661382675171,
    3.6130104064941406,
    3.0032804012298584,
    2.758068084716797,
    2.9088046550750732,
    2.6411547660827637,
    3.543229818344116,
    3.540043830871582,
    2.911400318145752,
    2.65600848197937,
    2.8057594299316406,
    2.5752313137054443,
    3.470419406890869,
    3.4656453132629395,
    2.8175575733184814,
    2.551786184310913,
    2.6940231323242188,
    2.50238299369812,
    3.3784725666046143,
    3.3726015090942383,
    2.711320400238037,
    2.4417543411254883,
    2.582909107208252,
    2.4286069869995117,
    3.2894287109375,
    3.286761522293091,
    2.5958900451660156,
    2.3308703899383545,
    2.4636895656585693,
    2.344141960144043,
    3.1935324668884277,
    3.1740915775299072,
    2.475099802017212,
    2.2409915924072266,
    2.3686962127685547,
    2.248537540435791,
    3.0910873413085938,
    3.075294017791748,
    2.359884738922119,
    2.141007900238037,
    2.2862091064453125,
    2.1575002670288086,
    2.9760782718658447,
    2.9727108478546143,
    2.241316318511963,
    2.0380046367645264,
    2.176131010055542,
    2.062774181365967,
    2.8608381748199463,
    2.86738920211792,
    2.1263253688812256,
    1.928892731666565,
    2.0799951553344727,
    1.9745723009109497,
    2.7638041973114014,
    2.765505313873291,
    2.0171332359313965,
    1.8268929719924927,
    1.9907593727111816,
    1.9022608995437622,
    2.66432523727417,
    2.6742587089538574,
    1.9142403602600098,
    1.7364004850387573,
    1.896047592163086,
    1.8249578475952148,
    2.564988374710083,
    2.5889015197753906,
    1.8397793769836426,
    1.639947772026062,
    1.8066893815994263,
    1.7622427940368652,
    2.4744248390197754,
    2.518918037414551,
    1.7790788412094116,
    1.5597565174102783,
    1.7395366430282593,
    1.72198486328125,
    2.3898391723632812,
    2.4365367889404297,
    1.6963557004928589,
    1.485747218132019,
    1.667898416519165,
    1.6500866413116455,
    2.332573890686035,
    2.356914758682251,
    1.6187846660614014,
    1.4213850498199463,
    1.5926567316055298,
    1.588778018951416,
    2.2415642738342285,
    2.2811310291290283,
    1.5437395572662354,
    1.348798394203186,
    1.5366315841674805,
    1.5472838878631592,
    2.200791597366333,
    2.204819440841675,
    1.4922456741333008,
    1.2975740432739258,
    1.5069661140441895,
    1.4895849227905273,
    2.1190450191497803,
    2.1475677490234375,
    1.4302055835723877,
    1.2311354875564575,
    1.4095518589019775,
    1.4450039863586426,
    2.077908992767334,
    2.1008520126342773,
    1.373955488204956,
    1.1770254373550415,
    1.3568904399871826,
    1.4177194833755493,
    2.0284433364868164,
    2.036855459213257,
    1.3086397647857666,
    1.1264662742614746,
    1.3079835176467896,
    1.3585796356201172,
    1.9743850231170654,
    1.9767330884933472,
    1.28054940700531,
    1.0839993953704834,
    1.247878074645996,
    1.3387738466262817,
    1.9148483276367188,
    1.9507207870483398,
    1.214818000793457,
    1.0432225465774536,
    1.2235827445983887,
    1.290895938873291,
    1.8662645816802979,
    1.8837554454803467,
    1.1837551593780518,
    1.0146362781524658,
    1.1817562580108643,
    1.2616554498672485,
    1.822260856628418,
    1.835674524307251,
    1.136255145072937,
    0.9702514410018921,
    1.1412290334701538,
    1.2190078496932983,
    1.7685662508010864,
    1.7938827276229858,
    1.0963091850280762,
    0.9387670755386353,
    1.101765751838684,
    1.186984896659851,
    1.721817970275879,
    1.7531408071517944,
    1.075761079788208,
    0.9077687859535217,
    1.0827000141143799,
    1.1526238918304443,
    1.6806001663208008,
    1.7210116386413574,
    1.03462815284729,
    0.8906344771385193,
    1.0388672351837158,
    1.1300179958343506,
    1.646071434020996,
    1.7060081958770752,
    1.0019261837005615,
    0.8573077321052551,
    1.0134577751159668,
    1.1052830219268799,
    1.6165711879730225,
    1.6581201553344727,
    0.9998876452445984,
    0.8362903594970703,
    0.983382523059845,
    1.0718209743499756,
    1.5808132886886597,
    1.6277251243591309,
    0.9630692005157471,
    0.812341034412384,
    0.9669851064682007,
    1.0512971878051758,
    1.5900506973266602,
    1.6020152568817139,
    0.9331474304199219,
    0.7945945858955383,
    0.9412210583686829,
    1.032936930656433,
    1.533931016921997,
    1.5907249450683594,
    0.914131224155426,
    0.797267735004425,
    0.9243025779724121,
    1.0264345407485962,
    1.5127294063568115,
    1.5681378841400146,
    0.900242805480957,
    0.770322322845459,
    0.9107829928398132,
    1.0312139987945557,
    1.4978647232055664,
    1.545350193977356,
    0.8855997323989868,
    0.7612754702568054,
    0.8958883285522461,
    1.0046708583831787,
    1.5267388820648193,
    1.5309735536575317,
    0.8870071172714233,
    0.7470811605453491,
    0.8891934156417847,
    1.004095196723938,
    1.5172525644302368,
    1.522369623184204,
    0.8761852979660034,
    0.7421478033065796,
    0.8821650743484497,
    0.9861611127853394,
    1.4711365699768066,
    1.519141435623169,
    0.8598779439926147,
    0.7380177974700928,
    0.8742533326148987,
    1.003395676612854,
    1.4682917594909668,
    1.5089279413223267,
    0.8513118028640747,
    0.7436423897743225,
    0.8712223768234253,
    0.9776885509490967,
    1.4698452949523926,
    1.5070710182189941,
    0.8579449653625488,
    0.7287690043449402,
    0.8696086406707764,
    0.9909340143203735,
    1.4691847562789917,
    1.5023396015167236,
    0.8623040914535522,
    0.7299742698669434,
    0.8634175658226013,
    0.9857444763183594,
    1.4561545848846436,
    1.5021483898162842,
    0.8440811634063721,
    0.7402063608169556,
    0.8674147129058838,
    0.9804716110229492,
    1.4520623683929443,
    1.5047212839126587,
    0.8559120297431946,
    0.7271751165390015,
    0.8657885789871216,
    0.9792969226837158,
    1.4525328874588013,
    1.505255937576294,
    0.8673954010009766
  ],
  "config": {
    "git_sha": "249e1c9",
    "n_steps": 300,
    "lora_r": 32,
    "lr": 0.0001,
    "model": "facebook/musicgen-melody",
    "save_every": 75,
    "target_dur_s": 10.0,
    "conditioning": "real_melody_chroma"
  }
}