{
  "per_piece": [
    {
      "piece": "Bach/Fugue/bwv_846",
      "A_gt_gt": 0.9245033112582781,
      "B_gt_bt": 0.9231788079470199,
      "C_bd_gt": 0.8483606557377049,
      "D_bd_bt": 0.8469945355191257
    },
    {
      "piece": "Beethoven/Piano_Sonatas/21-1",
      "A_gt_gt": 0.9815604471591564,
      "B_gt_bt": 0.9815604471591564,
      "C_bd_gt": 0.8107067445037883,
      "D_bd_bt": 0.8107067445037883
    },
    {
      "piece": "Schumann/Toccata",
      "A_gt_gt": 0.9747774480712166,
      "B_gt_bt": 0.9747774480712166,
      "C_bd_gt": 0.744745823603377,
      "D_bd_bt": 0.744745823603377
    },
    {
      "piece": "Chopin/Berceuse_op_57",
      "A_gt_gt": 0.7421643997634536,
      "B_gt_bt": 0.7421643997634536,
      "C_bd_gt": 0.46908859145952836,
      "D_bd_bt": 0.46908859145952836
    }
  ],
  "means": {
    "A_gt_gt": 0.9057514015630262,
    "B_gt_bt": 0.9054202757352117,
    "C_bd_gt": 0.7182254538260996,
    "D_bd_bt": 0.7178839237714548
  }
}