{
  "best_acc": 0.9437770415398231,
  "best_per_piece": {
    "Beethoven/Piano_Sonatas/21-1": 0.9720687727410552,
    "Chopin/Berceuse_op_57": 0.9480185231854839,
    "Liszt/Sonata": 0.9085832982281454,
    "Schumann/Toccata": 0.9464375720046082
  },
  "config": {
    "git_sha": "2708494",
    "n_epochs": 80,
    "d_model": 384,
    "n_heads": 8,
    "n_layers": 10,
    "lr": 0.0002,
    "chunk_size": 512
  }
}