{
  "f1_per_fold_baseline": [
    0.43953824903220406,
    0.4301579306158457,
    0.40122226130993477,
    0.4558072466655246,
    0.4701988192885922
  ],
  "f1_per_fold_corrected": [
    0.4283632522331571,
    0.4130998985766343,
    0.4253415991195978,
    0.4120609605784584,
    0.48496538901935426
  ],
  "f1_baseline": 0.43938490138242026,
  "f1_corrected": 0.4327662199054404,
  "delta": -0.00661868147697986,
  "config": {
    "git_sha": "2111aab",
    "n_epochs": 100,
    "hidden": 128,
    "lr": 0.001
  }
}