{
  "config": {
    "steps": 1500,
    "warmup_steps": 100,
    "lr": 0.0001,
    "lora_r": 128,
    "model_size": "melody-large",
    "batch_size": 1,
    "target_dur_s": 10.0,
    "save_every": 100,
    "limit_pairs": null,
    "test_frac": 0.1,
    "seed": 0,
    "skip_overfit": true
  },
  "n_train_pairs": 315,
  "n_test_pairs": 34,
  "train_loss_min": 0.5386420488357544,
  "train_loss_final": 0.6306885480880737,
  "test_loss_mean": 0.9915399113122154,
  "wall_train_s": 4983.403431415558,
  "vram_peak_gb": 14.52779776
}