{
  "f1_per_fold": [
    0.5381923608962487,
    0.489663545204726,
    0.47206396471218537,
    0.46688222506225896,
    0.5302641029065789
  ],
  "mean_f1": 0.4994132397563996,
  "config": {
    "git_sha": "09809d2",
    "n_epochs": 60,
    "d_model": 192,
    "n_heads": 4,
    "n_layers": 4,
    "lr": 0.0005,
    "threshold": 0.5,
    "arch": "transformer-encoder"
  }
}