{
  "mean_cv_f1": 0.5915126210821551,
  "fold_f1s": [
    0.5600405296021874,
    0.6461562737008326,
    0.5636827179992305,
    0.5683308976036805,
    0.6193526865048444
  ],
  "k_folds": 5
}