{
  "rows": [
    {
      "step_ms": 5,
      "adj_psw": 31,
      "mean_f1": 0.46433291803350746
    },
    {
      "step_ms": 10,
      "adj_psw": 15,
      "mean_f1": 0.5972210862737557
    },
    {
      "step_ms": 15,
      "adj_psw": 11,
      "mean_f1": 0.602289887642573
    },
    {
      "step_ms": 20,
      "adj_psw": 9,
      "mean_f1": 0.5675088256773726
    }
  ]
}