{
  "f1_per_fold": [
    0.5998951707848001,
    0.4752423026803822,
    0.5008006593174452,
    0.49687915447402753,
    0.5142620190378362
  ],
  "mean_f1": 0.5174158612588983,
  "config": {
    "git_sha": "66f99b2",
    "n_epochs": 30,
    "hidden": 192,
    "lr": 0.001,
    "batch_size": 4,
    "threshold": 0.5,
    "model": "m-a-p/MERT-v1-95M"
  }
}