{
  "voicing/F1": 0.5759744968954951,
  "voicing/P": 0.5842933939031705,
  "voicing/R": 0.5918908116546178,
  "hmm/F1": 0.5438986107621605,
  "hmm/P": 0.6581235902558806,
  "hmm/R": 0.49063657848856435,
  "intersect/F1": 0.5340351482749544,
  "intersect/P": 0.7038525967393329,
  "intersect/R": 0.45068665302915945,
  "union/F1": 0.5684527632065517,
  "union/P": 0.5490535496865165,
  "union/R": 0.6189894906374805
}