{
  "f1_per_fold_combined": [
    0.4401975808207699,
    0.3639526526773875,
    0.2597379907997419,
    0.3481188870609452,
    0.3998206625278855
  ],
  "f1_per_fold_voconly": [
    0.4133822284274113,
    0.30638585144991587,
    0.3512566871677289,
    0.29573909639569407,
    0.3928111992212336
  ],
  "mean_f1_combined": 0.362365554777346,
  "mean_f1_voconly": 0.35191501253239676,
  "pseudo_gain": 0.010450542244949235,
  "config": {
    "git_sha": "09809d2",
    "n_epochs": 40,
    "hidden": 192,
    "lr": 0.001,
    "threshold": 0.5
  }
}