{
  "lambda_prior": 2.0,
  "tpb": 24,
  "rows": [
    {
      "piece": "asap_Bach__Fugue__bwv_854",
      "mv2h_base": 0.5895093827120895,
      "mv2h_me4": 0.5852184527406401,
      "delta": -0.00429092997144942,
      "wall_s": 3.808168411254883,
      "base_mp": 0.9893617021276594,
      "base_voice": 0.7218518518518519,
      "base_meter": 0.2411167512690355,
      "base_value": 0.9952166083119012,
      "base_tonic_pc": 4,
      "base_n_notes": 374,
      "me4_mp": 0.9707446808510637,
      "me4_voice": 0.7170981661272923,
      "me4_meter": 0.2411167512690355,
      "me4_value": 0.9971326654558093,
      "me4_tonic_pc": 4,
      "me4_n_notes": 374
    },
    {
      "piece": "asap_Beethoven__Piano_Sonatas__21-1",
      "mv2h_base": 0.5045810667252326,
      "mv2h_me4": 0.501602903929809,
      "delta": -0.0029781627954236223,
      "wall_s": 2.993777275085449,
      "base_mp": 0.951417004048583,
      "base_voice": 0.5733333333333335,
      "base_meter": 0.03137254901960784,
      "base_value": 0.9667824472246389,
      "base_tonic_pc": 7,
      "base_n_notes": 501,
      "me4_mp": 0.9392712550607288,
      "me4_voice": 0.5738955823293174,
      "me4_meter": 0.03137254901960784,
      "me4_value": 0.963475133239391,
      "me4_tonic_pc": 7,
      "me4_n_notes": 501
    },
    {
      "piece": "asap_Chopin__Berceuse_op_57",
      "mv2h_base": 0.53340913849465,
      "mv2h_me4": 0.5170458383044985,
      "delta": -0.01636330019015153,
      "wall_s": 1.3882312774658203,
      "base_mp": 0.9774436090225563,
      "base_voice": 0.6908854166666666,
      "base_meter": 0.008620689655172414,
      "base_value": 0.9900959771288544,
      "base_tonic_pc": 8,
      "base_n_notes": 131,
      "me4_mp": 0.9172932330827067,
      "me4_voice": 0.6703405017921147,
      "me4_meter": 0.008620689655172414,
      "me4_value": 0.9889747669924984,
      "me4_tonic_pc": 8,
      "me4_n_notes": 131
    },
    {
      "piece": "asap_Liszt__Sonata",
      "mv2h_base": 0.4752375973564796,
      "mv2h_me4": 0.4745609230101704,
      "delta": -0.0006766743463091918,
      "wall_s": 1.4964683055877686,
      "base_mp": 0.9686411149825783,
      "base_voice": 0.5347694633408918,
      "base_meter": 0.003738317757009346,
      "base_value": 0.8690390907019183,
      "base_tonic_pc": 7,
      "base_n_notes": 142,
      "me4_mp": 0.9686411149825783,
      "me4_voice": 0.5347694633408918,
      "me4_meter": 0.003738317757009346,
      "me4_value": 0.8656557189703724,
      "me4_tonic_pc": 7,
      "me4_n_notes": 142
    },
    {
      "piece": "asap_Schumann__Toccata",
      "mv2h_base": 0.49701331245464864,
      "mv2h_me4": 0.4924759098673149,
      "delta": -0.004537402587333761,
      "wall_s": 3.117541551589966,
      "base_mp": 0.9507523939808481,
      "base_voice": 0.564625429000429,
      "base_meter": 0.021582733812949638,
      "base_value": 0.9481060054790165,
      "base_tonic_pc": 0,
      "base_n_notes": 722,
      "me4_mp": 0.9247606019151848,
      "me4_voice": 0.568697067527576,
      "me4_meter": 0.021582733812949638,
      "me4_value": 0.9473391460808639,
      "me4_tonic_pc": 0,
      "me4_n_notes": 722
    }
  ],
  "mean_base": 0.51995009954862,
  "mean_me4": 0.5141808055704866,
  "mean_delta": -0.005769293978133505
}