{
  "rows": [
    {
      "piece": "Bach/Fugue/bwv_846",
      "bd_snap": 0.8469945355191257,
      "bp_snap": 0.5007949125596184,
      "bd_n": 732,
      "bp_n": 629
    },
    {
      "piece": "Beethoven/Piano_Sonatas/21-1",
      "bd_snap": 0.8107067445037883,
      "bp_snap": 0.4857347670250896,
      "bd_n": 8051,
      "bp_n": 6975
    },
    {
      "piece": "Schumann/Toccata",
      "bd_snap": 0.744745823603377,
      "bp_snap": 0.30860675225867806,
      "bd_n": 5567,
      "bp_n": 4206
    },
    {
      "piece": "Chopin/Berceuse_op_57",
      "bd_snap": 0.46908859145952836,
      "bp_snap": 0.5616883116883117,
      "bd_n": 1569,
      "bp_n": 1540
    }
  ],
  "means": {
    "bd_snap": 0.7178839237714548,
    "bp_snap": 0.4642061858829245
  }
}