{
  "mean_cv_f1": 0.5620494275017072,
  "fold_f1s": [
    0.5310626328586717,
    0.6311540588363267,
    0.5664903431283909,
    0.5020376833876569,
    0.5795024192974894
  ],
  "k_folds": 5
}