{
  "mean_cv_f1": 0.6189076473420799,
  "fold_f1s": [
    0.5821364649843063,
    0.6620561200701627,
    0.6199893763281535,
    0.604778139808417,
    0.6255781355193606
  ],
  "k_folds": 5
}