{
  "mean_cv_f1": 0.6189502921195232,
  "fold_f1s": [
    0.5809350093966164,
    0.6709619964716653,
    0.624833828906972,
    0.5799937560776366,
    0.6380268697447261
  ],
  "k_folds": 5,
  "augment_steps": 2
}