{
  "f1_per_fold_combined": [
    0.43432441652550347,
    0.3188645832030853,
    0.33316787866254305,
    0.3880455949304822,
    0.3833329454962724
  ],
  "f1_per_fold_voconly": [
    0.4118895096231119,
    0.29914105657551626,
    0.3349303999909114,
    0.3061814557047163,
    0.3838374282601408
  ],
  "mean_f1_combined": 0.37154708376357726,
  "mean_f1_voconly": 0.3471959700308793,
  "pseudo_gain": 0.024351113732697938,
  "config": {
    "git_sha": "dfb6a33",
    "n_epochs": 15,
    "hidden": 96,
    "lr": 0.001,
    "threshold": 0.5
  }
}