{
  "summary": {
    "first_loss": 3.4954371452331543,
    "last_loss": 2.5554959774017334,
    "min_loss": 2.4034533500671387,
    "mean_loss": 3.102842329740524,
    "max_vram_peak_gb": 8.534336566925049,
    "n_steps_completed": 200,
    "trainable_params_M": 2.359296,
    "loss_decay_pct": 26.89051837516948
  },
  "losses": [
    3.4954371452331543,
    3.6929404735565186,
    3.1402714252471924,
    4.134823799133301,
    4.15939998626709,
    3.579333782196045,
    3.426142692565918,
    3.6318154335021973,
    3.1035919189453125,
    4.0908403396606445,
    4.114264488220215,
    3.5398612022399902,
    3.3772048950195312,
    3.5784382820129395,
    3.070126533508301,
    4.048663139343262,
    4.072168350219727,
    3.502535343170166,
    3.3361330032348633,
    3.5313639640808105,
    3.0407848358154297,
    4.012164115905762,
    4.033547878265381,
    3.4671974182128906,
    3.2987213134765625,
    3.4878182411193848,
    3.0142393112182617,
    3.978954792022705,
    3.99709415435791,
    3.433523654937744,
    3.2606770992279053,
    3.4436402320861816,
    2.9869933128356934,
    3.945857048034668,
    3.9603939056396484,
    3.3964807987213135,
    3.2208385467529297,
    3.396623134613037,
    2.958622455596924,
    3.9121739864349365,
    3.9235522747039795,
    3.357823371887207,
    3.177466869354248,
    3.3465285301208496,
    2.92822265625,
    3.8770384788513184,
    3.8873753547668457,
    3.31687068939209,
    3.132985830307007,
    3.2956881523132324,
    2.898528814315796,
    3.84067440032959,
    3.8510892391204834,
    3.274481773376465,
    3.0870819091796875,
    3.245889186859131,
    2.868683338165283,
    3.8048148155212402,
    3.8142621517181396,
    3.2317841053009033,
    3.038975238800049,
    3.1944000720977783,
    2.8370323181152344,
    3.7665703296661377,
    3.775089740753174,
    3.187800884246826,
    2.9913268089294434,
    3.140665292739868,
    2.805159568786621,
    3.728236198425293,
    3.736607074737549,
    3.142660140991211,
    2.939946174621582,
    3.0868046283721924,
    2.7733330726623535,
    3.691122531890869,
    3.6952452659606934,
    3.095604181289673,
    2.8917689323425293,
    3.0348758697509766,
    2.7408156394958496,
    3.652031898498535,
    3.655761241912842,
    3.0485401153564453,
    2.840681552886963,
    2.981677293777466,
    2.7090060710906982,
    3.6159231662750244,
    3.616720676422119,
    2.9988815784454346,
    2.790344715118408,
    2.9297149181365967,
    2.676220655441284,
    3.5775625705718994,
    3.575467109680176,
    2.952014923095703,
    2.741978645324707,
    2.8780102729797363,
    2.6451685428619385,
    3.543226718902588,
    3.538740873336792,
    2.908571243286133,
    2.695028781890869,
    2.8255739212036133,
    2.6133768558502197,
    3.5107507705688477,
    3.4984164237976074,
    2.861602783203125,
    2.6501522064208984,
    2.782057762145996,
    2.5830092430114746,
    3.4773447513580322,
    3.46341609954834,
    2.820512533187866,
    2.6106393337249756,
    2.7418551445007324,
    2.554013252258301,
    3.4475622177124023,
    3.4292073249816895,
    2.782315492630005,
    2.5716640949249268,
    2.706390619277954,
    2.529468536376953,
    3.4187402725219727,
    3.397779941558838,
    2.747290849685669,
    2.5384316444396973,
    2.6742606163024902,
    2.5072450637817383,
    3.393392562866211,
    3.3703060150146484,
    2.715592622756958,
    2.509002923965454,
    2.647343873977661,
    2.4856560230255127,
    3.3714218139648438,
    3.349862575531006,
    2.689423084259033,
    2.4847521781921387,
    2.6273250579833984,
    2.466465473175049,
    3.3490610122680664,
    3.3290185928344727,
    2.6687517166137695,
    2.4625136852264404,
    2.6069257259368896,
    2.4505646228790283,
    3.3331823348999023,
    3.3136792182922363,
    2.650113344192505,
    2.4457452297210693,
    2.5922718048095703,
    2.4360511302948,
    3.3190832138061523,
    3.3005595207214355,
    2.6338512897491455,
    2.4324216842651367,
    2.5790598392486572,
    2.4261369705200195,
    3.307771682739258,
    3.2904582023620605,
    2.6227986812591553,
    2.421956777572632,
    2.57218599319458,
    2.418780565261841,
    3.298203706741333,
    3.2826766967773438,
    2.6160902976989746,
    2.4146358966827393,
    2.5615646839141846,
    2.4136900901794434,
    3.292398452758789,
    3.27559757232666,
    2.6108689308166504,
    2.4113378524780273,
    2.557509183883667,
    2.4092600345611572,
    3.289795398712158,
    3.273207187652588,
    2.6080193519592285,
    2.407705307006836,
    2.557001829147339,
    2.4066314697265625,
    3.2852509021759033,
    3.2719955444335938,
    2.6055352687835693,
    2.407275676727295,
    2.5529184341430664,
    2.403911590576172,
    3.285189390182495,
    3.2717480659484863,
    2.605604410171509,
    2.403636932373047,
    2.553577423095703,
    2.4034533500671387,
    3.284470796585083,
    3.270171642303467,
    2.6026663780212402,
    2.404947519302368,
    2.5554959774017334
  ],
  "config": {
    "git_sha": "09809d2",
    "n_steps": 200,
    "lora_r": 16,
    "lr": 0.0001,
    "model": "facebook/musicgen-melody",
    "save_every": 50,
    "target_dur_s": 10.0
  }
}