{
  "summary": {
    "stage4_beat_f": 0.914798206278027,
    "stage4_pass": true,
    "stage5_verbatim_pct": 0.30434782608695654,
    "stage5_aligned_raw_pct": 0.837431693989071,
    "stage5_aligned_snap_pct": 0.7786885245901639,
    "stage5_pass": true,
    "n_pred_beats": 117,
    "n_gt_perf_beats": 106,
    "bpm": 48.38709677419361,
    "n_pred_notes": 736,
    "n_gt_midi_notes": 755,
    "n_gt_xml_notes": 798,
    "n_matched_pairs": 732
  },
  "config": {
    "gate": "asap_rhythm",
    "piece": "Bach/Fugue/bwv_846/Shi05M.mid",
    "perf_wav": "/home/swadesh/datasets/asap/Bach/Fugue/bwv_846/Shi05M.wav",
    "score_wav": "/home/swadesh/datasets/asap/Bach/Fugue/bwv_846/midi_score.wav",
    "stage5_threshold": 0.6,
    "beat_tol_s": 0.07,
    "ql_tol_quarters": 0.05,
    "git_sha": "17bb1f7",
    "tatums_per_beat": 12
  },
  "first_20_pred_durs": [
    0.6666666666666666,
    0.16666666666666666,
    0.5,
    0.5,
    0.5,
    0.25,
    0.5,
    0.5,
    0.5,
    0.5,
    1.0,
    0.5,
    0.5,
    0.5,
    0.5,
    0.25,
    0.5,
    0.25,
    0.5,
    0.5
  ],
  "first_20_gt_xml_durs": [
    0.5,
    0.5,
    0.5,
    0.75,
    0.125,
    0.125,
    0.5,
    0.5,
    0.5,
    0.5,
    0.25,
    0.25,
    0.25,
    0.25,
    0.25,
    0.25,
    0.5,
    0.25,
    0.25,
    0.5
  ]
}