{
  "A1_soft": {
    "mean_f1": 0.5759744968954951,
    "mean_p": 0.5842933939031705,
    "mean_r": 0.5918908116546178,
    "n": 40
  },
  "A1_medium": {
    "mean_f1": 0.43155250684570756,
    "mean_p": 0.625166854392001,
    "mean_r": 0.36042985363235047,
    "n": 40
  },
  "A1_hard": {
    "mean_f1": 0.2922723357009113,
    "mean_p": 0.5666096750409194,
    "mean_r": 0.21098003337604804,
    "n": 40
  },
  "A2_soft": {
    "mean_f1": 0.5254748924710763,
    "mean_p": 0.4974120342139017,
    "mean_r": 0.5941304456805049,
    "n": 40
  },
  "A2_medium": {
    "mean_f1": 0.4400930889044578,
    "mean_p": 0.5794803894654912,
    "mean_r": 0.3981656709735005,
    "n": 40
  },
  "A2_hard": {
    "mean_f1": 0.3140321951157781,
    "mean_p": 0.5481077476473188,
    "mean_r": 0.24003498258720324,
    "n": 40
  }
}