{
  "mode": "g1g2_both",
  "use_beats": true,
  "use_voices": true,
  "asap": {
    "rows": [
      {
        "piece": "Bach__Fugue__bwv_846",
        "multi_pitch": 0.9766839378238342,
        "voice": 0.8302631578947368,
        "meter": 0.32847682119205296,
        "value": 0.9908028082579516,
        "harmony": 0.0,
        "mv2h": 0.6252453450337151,
        "n_notes_gt": 389,
        "n_notes_pred": 383,
        "n_voices_pred": 2,
        "n_beats_gt": 70
      }
    ],
    "mean": {
      "mv2h": 0.6252453450337151,
      "multi_pitch": 0.9766839378238342,
      "voice": 0.8302631578947368,
      "meter": 0.32847682119205296,
      "value": 0.9908028082579516,
      "harmony": 0.0
    },
    "skipped": [],
    "use_beats": true,
    "use_voices": true,
    "alignment": "non_aligned",
    "eval_seconds": 30.0,
    "tatums_per_beat": 4
  },
  "wall_s": 1.3661019802093506
}