{
  "mode": "baseline",
  "use_beats": false,
  "use_voices": false,
  "asap": {
    "rows": [
      {
        "piece": "Bach__Fugue__bwv_846",
        "multi_pitch": 0.9766839378238342,
        "voice": 0.7466813348001466,
        "meter": 0.0,
        "value": 0.9982571413607667,
        "harmony": 0.0,
        "mv2h": 0.5443244827969496,
        "n_notes_gt": 389,
        "n_notes_pred": 383,
        "n_voices_pred": 1,
        "n_beats_gt": 0
      }
    ],
    "mean": {
      "mv2h": 0.5443244827969496,
      "multi_pitch": 0.9766839378238342,
      "voice": 0.7466813348001466,
      "meter": 0.0,
      "value": 0.9982571413607667,
      "harmony": 0.0
    },
    "skipped": [],
    "use_beats": false,
    "use_voices": false,
    "alignment": "non_aligned",
    "eval_seconds": 30.0,
    "tatums_per_beat": 4
  },
  "wall_s": 0.7802937030792236
}